<?xml version="1.0" encoding="UTF-8" ?>

<!DOCTYPE mapper PUBLIC "-//mybatis.org//DTD Mapper 3.0//EN" "http://mybatis.org/dtd/mybatis-3-mapper.dtd">
<mapper namespace="com.work.dao.BoardDao">

<!-- 게시판 글 작성 -->
   <insert id="insert">
	   INSERT INTO RECIPE_BOARD(    
	   							BNO 
	   					      , TITLE 
	   					      , CONTENT
	   					      , DISEASE
	   					      , INGREDIENTS
	   					      , NUTRIENT 
	   					      , IMAGE_FILE
	   					      , WRITER  )
	                 VALUES(    
	                 		    RECIPE_BOARD_SEQ.NEXTVAL 
	                 		  , #{title}
	                 		  , #{content}
	                 		  , '질병값'
	                 		  , #{ingredients}
	                 		  , #{nutrient}
	                 		  , #{imageFile}
	                 		  , #{writer}  )
   
   </insert>

<!-- 게시판 글 목록 조회 -->


	<select id="list" resultType="com.work.dto.Board">
		SELECT  BNO, 
		        TITLE, 
		        CONTENT,
		        WRITER, 
		        REGDATE,
		        IMAGE_FILE
		 FROM ( 
		        SELECT BNO, 
		               TITLE, 
		               CONTENT, 
		               WRITER, 
		               REGDATE,
		               IMAGE_FILE, 
		               ROW_NUMBER() OVER(ORDER BY BNO DESC) AS RNUM
		         FROM RECIPE_BOARD
		          WHERE 1=1 
		         	<include refid="search"></include> 
		                       ) MP
		WHERE RNUM BETWEEN #{rowStart} AND #{rowEnd}
		ORDER BY BNO DESC
	</select>
	
<!-- 게시글 총 갯수 -->
<select id="listCount" resultType="int">
	SELECT COUNT(BNO)
		   FROM RECIPE_BOARD
		   WHERE 1=1
		<include refid="search"></include>	
		   AND BNO > 0
</select>
<!-- 검색 -->

<sql id="search">
		<if test="searchType != null">
			<!-- 제목, 내용, 작성자로 검색 -->
			<if test="searchType == 't'.toString()">AND TITLE LIKE '%' || #{keyword} || '%'</if>
			<if test="searchType == 'c'.toString()">AND CONTENT LIKE '%' || #{keyword} || '%'</if>
			<if test="searchType == 'w'.toString()">AND WRITER LIKE '%' || #{keyword} || '%'</if>
			<if test="searchType == 'tc'.toString()">AND (TITLE LIKE '%' || #{keyword} || '%') or (CONTENT LIKE '%' || #{keyword} || '%')</if>
			
			<!-- 재료로 검색 -->
			<if test="searchType == 'i'.toString()">AND INGREDIENTS LIKE '%' || #{keyword} || '%'</if>
			
			<!-- 질병에 따라 먹으면 안되는 재료로 검색-->
			<if test="searchType == 'd'.toString() and keyword == '심혈관질환'.toString()">
				AND (INGREDIENTS NOT LIKE '%' || '소금' || '%') and (INGREDIENTS NOT LIKE '%' || '밀가루' || '%') and (INGREDIENTS NOT LIKE '%' || '식용유' || '%') and (INGREDIENTS NOT LIKE '%' || '설탕' || '%')</if>
			
			<if test="searchType == 'd'.toString() and keyword == '뇌질환'.toString()">
				AND (INGREDIENTS NOT LIKE '%' || '밀가루' || '%') and (INGREDIENTS NOT LIKE '%' || '설탕' || '%') and (INGREDIENTS NOT LIKE '%' || '식용유' || '%')</if>
			
			<if test="searchType == 'd'.toString() and keyword == '암'.toString()">
				AND (INGREDIENTS NOT LIKE '%' || '고춧가루' || '%') and (INGREDIENTS NOT LIKE '%' || '소금' || '%') and (INGREDIENTS NOT LIKE '%' || '설탕' || '%')</if>
			
			<if test="searchType == 'd'.toString() and keyword == '신장질환'.toString()">
				AND (INGREDIENTS NOT LIKE '%' || '소금' || '%') and (INGREDIENTS NOT LIKE '%' || '두부' || '%') and (INGREDIENTS NOT LIKE '%' || '감자' || '%') and (INGREDIENTS NOT LIKE '%' || '버섯' || '%')</if>
			
			<if test="searchType == 'd'.toString() and keyword == '간질환'.toString()">
				AND (INGREDIENTS NOT LIKE '%' || '소금' || '%') and (INGREDIENTS NOT LIKE '%' || '밀가루' || '%') and (INGREDIENTS NOT LIKE '%' || '설탕' || '%')</if>
			
			<if test="searchType == 'd'.toString() and keyword == '당뇨병'.toString()">
				AND (INGREDIENTS NOT LIKE '%' || '돼지고기' || '%') and (INGREDIENTS NOT LIKE '%' || '밀가루' || '%') and (INGREDIENTS NOT LIKE '%' || '설탕' || '%') and (INGREDIENTS NOT LIKE '%' || '식용유' || '%')</if>
			
			
		</if>
	</sql>		

<!-- 게시판 글 조회 -->
	<select id="read" parameterType ="int" resultType="com.work.dto.Board">
		SELECT BNO, TITLE, CONTENT, INGREDIENTS, NUTRIENT, WRITER, IMAGE_FILE, REGDATE
		FROM RECIPE_BOARD
		WHERE BNO = #{bno}
	
	
	</select>
<!-- 게시판 글 수정 -->	
  <update id="update">
		UPDATE RECIPE_BOARD
		   SET TITLE    =   #{title},
		   	   CONTENT  =   #{content}
		 WHERE BNO = #{bno} 
	</update>
	
<!-- 게시판 글 삭제  -->	
	<delete id="delete" parameterType="int">
		DELETE 
		  FROM RECIPE_BOARD
		 WHERE BNO = #{bno}
	</delete>
	
		
</mapper>