<?xml version="1.0" encoding="UTF-8"?>
<!DOCTYPE mapper PUBLIC "-//mybatis.org//DTD Mapper 3.0//EN" "http://mybatis.org/dtd/mybatis-3-mapper.dtd">
<mapper namespace="com.work.dao.UserDao">
	
	<!--public int insertUser(User dto);-->
	<insert id="insertUser" parameterType="com.work.dto.User">
		insert into users(user_no, login_type, user_id, user_pw, user_name, phone, email, disease_no, birth, height, weight)
		values(seq_users_user_no.nextval, #{loginType},
				#{userId}, #{userPw}, #{userName}, #{phone}, #{email}, 
				#{diseaseNo}, #{birth}, #{height}, #{weight})
	</insert>
	
	<!--public User login(String userId, String userPw);-->
	<select id="login" resultType="User">
		select * from users where user_id=#{userId} and user_pw=#{userPw}
	</select>
	
	<!-- public int deleteUser(String userId); -->
	<delete id="deleteUser" parameterType="map">
		delete from users where user_id = #{userId}
	</delete>
	
	<!-- public int updateUser(User dto); -->
	<update id="updateUser" parameterType="com.work.dto.User">
		update users set
		user_name=#{userName},
		user_pw=#{userPw},
		phone=#{phone},
		email=#{email},
		disease_no=#{diseaseNo},
		birth=#{birth},
		height=#{height},
		weight=#{weight},
		last_update=SYSDATE
		where
		user_id=#{userId}
	</update>
	
	<!-- public List<User> selectAllUser(); -->
	<select id="selectAllUser" resultType="com.work.dto.User">
		select * from users
	</select>
	
	<!-- public String selectUserId(String phone, String userName); -->
	<select id="selectUserId" resultType="String">
		select user_id from users where user_name=#{userName} and phone = #{phone}
	</select>
	
	<!--public List<User> selectUserList();-->
	
	
	<!--public User selectUser(String userId);-->
	

	
	
</mapper>